name,type1,height_m,weight_kg,capture_rate,base_happiness,hp,attack,defense,speed,generation,legendary
Bulbasaur,grass,0.7,6.9,45,70,45,49,49,45,1,non-legendary
Ivysaur,grass,1,13,45,70,60,62,63,60,1,non-legendary
Venusaur,grass,2,100,45,70,80,100,123,80,1,non-legendary
Charmander,fire,0.6,8.5,45,70,39,52,43,65,1,non-legendary
Charmeleon,fire,1.1,19,45,70,58,64,58,80,1,non-legendary
Charizard,fire,1.7,90.5,45,70,78,104,78,100,1,non-legendary
Squirtle,water,0.5,9,45,70,44,48,65,43,1,non-legendary
Wartortle,water,1,22.5,45,70,59,63,80,58,1,non-legendary
Blastoise,water,1.6,85.5,45,70,79,103,120,78,1,non-legendary
Caterpie,bug,0.3,2.9,255,70,45,30,35,45,1,non-legendary
Metapod,bug,0.7,9.9,120,70,50,20,55,30,1,non-legendary
Butterfree,bug,1.1,32,45,70,60,45,50,70,1,non-legendary
Weedle,bug,0.3,3.2,255,70,40,35,30,50,1,non-legendary
Kakuna,bug,0.6,10,120,70,45,25,50,35,1,non-legendary
Beedrill,bug,1,29.5,45,70,65,150,40,145,1,non-legendary
Pidgey,normal,0.3,1.8,255,70,40,45,40,56,1,non-legendary
Pidgeotto,normal,1.1,30,120,70,63,60,55,71,1,non-legendary
Pidgeot,normal,1.5,39.5,45,70,83,80,80,121,1,non-legendary
Rattata,normal,NA,NA,255,70,30,56,35,72,1,non-legendary
Raticate,normal,NA,NA,127,70,75,71,70,77,1,non-legendary
Spearow,normal,0.3,2,255,70,40,60,30,70,1,non-legendary
Fearow,normal,1.2,38,90,70,65,90,65,100,1,non-legendary
Ekans,poison,2,6.9,255,70,35,60,44,55,1,non-legendary
Arbok,poison,3.5,65,90,70,60,95,69,80,1,non-legendary
Pikachu,electric,0.4,6,190,70,35,55,40,90,1,non-legendary
Raichu,electric,NA,NA,75,70,60,85,50,110,1,non-legendary
Sandshrew,ground,NA,NA,255,70,50,75,90,40,1,non-legendary
Sandslash,ground,NA,NA,90,70,75,100,120,65,1,non-legendary
Nidoran♀,poison,0.4,7,235,70,55,47,52,41,1,non-legendary
Nidorina,poison,0.8,20,120,70,70,62,67,56,1,non-legendary
Nidoqueen,poison,1.3,60,45,70,90,92,87,76,1,non-legendary
Nidoran♂,poison,0.5,9,235,70,46,57,40,50,1,non-legendary
Nidorino,poison,0.9,19.5,120,70,61,72,57,65,1,non-legendary
Nidoking,poison,1.4,62,45,70,81,102,77,85,1,non-legendary
Clefairy,fairy,0.6,7.5,150,140,70,45,48,35,1,non-legendary
Clefable,fairy,1.3,40,25,140,95,70,73,60,1,non-legendary
Vulpix,fire,NA,NA,190,70,38,41,40,65,1,non-legendary
Ninetales,fire,NA,NA,75,70,73,67,75,109,1,non-legendary
Jigglypuff,normal,0.5,5.5,170,70,115,45,20,20,1,non-legendary
Wigglytuff,normal,1,12,50,70,140,70,45,45,1,non-legendary
Zubat,poison,0.8,7.5,255,70,40,45,35,55,1,non-legendary
Golbat,poison,1.6,55,90,70,75,80,70,90,1,non-legendary
Oddish,grass,0.5,5.4,255,70,45,50,55,30,1,non-legendary
Gloom,grass,0.8,8.6,120,70,60,65,70,40,1,non-legendary
Vileplume,grass,1.2,18.6,45,70,75,80,85,50,1,non-legendary
Paras,bug,0.3,5.4,190,70,35,70,55,25,1,non-legendary
Parasect,bug,1,29.5,75,70,60,95,80,30,1,non-legendary
Venonat,bug,1,30,190,70,60,55,50,45,1,non-legendary
Venomoth,bug,1.5,12.5,75,70,70,65,60,90,1,non-legendary
Diglett,ground,NA,NA,255,70,10,55,30,90,1,non-legendary
Dugtrio,ground,NA,NA,50,70,35,100,60,110,1,non-legendary
Meowth,normal,NA,NA,255,70,40,35,35,90,1,non-legendary
Persian,normal,NA,NA,90,70,65,60,60,115,1,non-legendary
Psyduck,water,0.8,19.6,190,70,50,52,48,55,1,non-legendary
Golduck,water,1.7,76.6,75,70,80,82,78,85,1,non-legendary
Mankey,fighting,0.5,28,190,70,40,80,35,70,1,non-legendary
Primeape,fighting,1,32,75,70,65,105,60,95,1,non-legendary
Growlithe,fire,0.7,19,190,70,55,70,45,60,1,non-legendary
Arcanine,fire,1.9,155,75,70,90,110,80,95,1,non-legendary
Poliwag,water,0.6,12.4,255,70,40,50,40,90,1,non-legendary
Poliwhirl,water,1,20,120,70,65,65,65,90,1,non-legendary
Poliwrath,water,1.3,54,45,70,90,95,95,70,1,non-legendary
Abra,psychic,0.9,19.5,200,70,25,20,15,90,1,non-legendary
Kadabra,psychic,1.3,56.5,100,70,40,35,30,105,1,non-legendary
Alakazam,psychic,1.5,48,50,70,55,50,65,150,1,non-legendary
Machop,fighting,0.8,19.5,180,70,70,80,50,35,1,non-legendary
Machoke,fighting,1.5,70.5,90,70,80,100,70,45,1,non-legendary
Machamp,fighting,1.6,130,45,70,90,130,80,55,1,non-legendary
Bellsprout,grass,0.7,4,255,70,50,75,35,40,1,non-legendary
Weepinbell,grass,1,6.4,120,70,65,90,50,55,1,non-legendary
Victreebel,grass,1.7,15.5,45,70,80,105,65,70,1,non-legendary
Tentacool,water,0.9,45.5,190,70,40,40,35,70,1,non-legendary
Tentacruel,water,1.6,55,60,70,80,70,65,100,1,non-legendary
Geodude,rock,NA,NA,255,70,40,80,100,20,1,non-legendary
Graveler,rock,NA,NA,120,70,55,95,115,35,1,non-legendary
Golem,rock,NA,NA,45,70,80,120,130,45,1,non-legendary
Ponyta,fire,1,30,190,70,50,85,55,90,1,non-legendary
Rapidash,fire,1.7,95,60,70,65,100,70,105,1,non-legendary
Slowpoke,water,1.2,36,190,70,90,65,65,15,1,non-legendary
Slowbro,water,1.6,78.5,75,70,95,75,180,30,1,non-legendary
Magnemite,electric,0.3,6,190,70,25,35,70,45,1,non-legendary
Magneton,electric,1,60,60,70,50,60,95,70,1,non-legendary
Farfetch'd,normal,0.8,15,45,70,52,90,55,60,1,non-legendary
Doduo,normal,1.4,39.2,190,70,35,85,45,75,1,non-legendary
Dodrio,normal,1.8,85.2,45,70,60,110,70,110,1,non-legendary
Seel,water,1.1,90,190,70,65,45,55,45,1,non-legendary
Dewgong,water,1.7,120,75,70,90,70,80,70,1,non-legendary
Grimer,poison,NA,NA,190,70,80,80,50,25,1,non-legendary
Muk,poison,NA,NA,75,70,105,105,75,50,1,non-legendary
Shellder,water,0.3,4,190,70,30,65,100,40,1,non-legendary
Cloyster,water,1.5,132.5,60,70,50,95,180,70,1,non-legendary
Gastly,ghost,1.3,0.1,190,70,30,35,30,80,1,non-legendary
Haunter,ghost,1.6,0.1,90,70,45,50,45,95,1,non-legendary
Gengar,ghost,1.5,40.5,45,70,60,65,80,130,1,non-legendary
Onix,rock,8.8,210,45,70,35,45,160,70,1,non-legendary
Drowzee,psychic,1,32.4,190,70,60,48,45,42,1,non-legendary
Hypno,psychic,1.6,75.6,75,70,85,73,70,67,1,non-legendary
Krabby,water,0.4,6.5,225,70,30,105,90,50,1,non-legendary
Kingler,water,1.3,60,60,70,55,130,115,75,1,non-legendary
Voltorb,electric,0.5,10.4,190,70,40,30,50,100,1,non-legendary
Electrode,electric,1.2,66.6,60,70,60,50,70,150,1,non-legendary
Exeggcute,grass,0.4,2.5,90,70,60,40,80,40,1,non-legendary
Exeggutor,grass,NA,NA,45,70,95,105,85,45,1,non-legendary
Cubone,ground,0.4,6.5,190,70,50,50,95,35,1,non-legendary
Marowak,ground,NA,NA,75,70,60,80,110,45,1,non-legendary
Hitmonlee,fighting,1.5,49.8,45,70,50,120,53,87,1,non-legendary
Hitmonchan,fighting,1.4,50.2,45,70,50,105,79,76,1,non-legendary
Lickitung,normal,1.2,65.5,45,70,90,55,75,30,1,non-legendary
Koffing,poison,0.6,1,190,70,40,65,95,35,1,non-legendary
Weezing,poison,1.2,9.5,60,70,65,90,120,60,1,non-legendary
Rhyhorn,ground,1,115,120,70,80,85,95,25,1,non-legendary
Rhydon,ground,1.9,120,60,70,105,130,120,40,1,non-legendary
Chansey,normal,1.1,34.6,30,140,250,5,5,50,1,non-legendary
Tangela,grass,1,35,45,70,65,55,115,60,1,non-legendary
Kangaskhan,normal,2.2,80,45,70,105,125,100,100,1,non-legendary
Horsea,water,0.4,8,225,70,30,40,70,60,1,non-legendary
Seadra,water,1.2,25,75,70,55,65,95,85,1,non-legendary
Goldeen,water,0.6,15,225,70,45,67,60,63,1,non-legendary
Seaking,water,1.3,39,60,70,80,92,65,68,1,non-legendary
Staryu,water,0.8,34.5,225,70,30,45,55,85,1,non-legendary
Starmie,water,1.1,80,60,70,60,75,85,115,1,non-legendary
Mr. Mime,psychic,1.3,54.5,45,70,40,45,65,90,1,non-legendary
Scyther,bug,1.5,56,45,70,70,110,80,105,1,non-legendary
Jynx,ice,1.4,40.6,45,70,65,50,35,95,1,non-legendary
Electabuzz,electric,1.1,30,45,70,65,83,57,105,1,non-legendary
Magmar,fire,1.3,44.5,45,70,65,95,57,93,1,non-legendary
Pinsir,bug,1.5,55,45,70,65,155,120,105,1,non-legendary
Tauros,normal,1.4,88.4,45,70,75,100,95,110,1,non-legendary
Magikarp,water,0.9,10,255,70,20,10,55,80,1,non-legendary
Gyarados,water,6.5,235,45,70,95,155,109,81,1,non-legendary
Lapras,water,2.5,220,45,70,130,85,80,60,1,non-legendary
Ditto,normal,0.3,4,35,70,48,48,48,48,1,non-legendary
Eevee,normal,0.3,6.5,45,70,55,55,50,55,1,non-legendary
Vaporeon,water,1,29,45,70,130,65,60,65,1,non-legendary
Jolteon,electric,0.8,24.5,45,70,65,65,60,130,1,non-legendary
Flareon,fire,0.9,25,45,70,65,130,60,65,1,non-legendary
Porygon,normal,0.8,36.5,45,70,65,60,70,40,1,non-legendary
Omanyte,rock,0.4,7.5,45,70,35,40,100,35,1,non-legendary
Omastar,rock,1,35,45,70,70,60,125,55,1,non-legendary
Kabuto,rock,0.5,11.5,45,70,30,80,90,55,1,non-legendary
Kabutops,rock,1.3,40.5,45,70,60,115,105,80,1,non-legendary
Aerodactyl,rock,1.8,59,45,70,80,135,85,150,1,non-legendary
Snorlax,normal,2.1,460,25,70,160,110,65,30,1,non-legendary
Articuno,ice,1.7,55.4,3,35,90,85,100,85,1,legendary
Zapdos,electric,1.6,52.6,3,35,90,90,85,100,1,legendary
Moltres,fire,2,60,3,35,90,100,90,90,1,legendary
Dratini,dragon,1.8,3.3,45,35,41,64,45,50,1,non-legendary
Dragonair,dragon,4,16.5,45,35,61,84,65,70,1,non-legendary
Dragonite,dragon,2.2,210,45,35,91,134,95,80,1,non-legendary
Mewtwo,psychic,2,122,3,0,106,150,70,140,1,legendary
Mew,psychic,0.4,4,45,100,100,100,100,100,1,legendary
Chikorita,grass,0.9,6.4,45,70,45,49,65,45,2,non-legendary
Bayleef,grass,1.2,15.8,45,70,60,62,80,60,2,non-legendary
Meganium,grass,1.8,100.5,45,70,80,82,100,80,2,non-legendary
Cyndaquil,fire,0.5,7.9,45,70,39,52,43,65,2,non-legendary
Quilava,fire,0.9,19,45,70,58,64,58,80,2,non-legendary
Typhlosion,fire,1.7,79.5,45,70,78,84,78,100,2,non-legendary
Totodile,water,0.6,9.5,45,70,50,65,64,43,2,non-legendary
Croconaw,water,1.1,25,45,70,65,80,80,58,2,non-legendary
Feraligatr,water,2.3,88.8,45,70,85,105,100,78,2,non-legendary
Sentret,normal,0.8,6,255,70,35,46,34,20,2,non-legendary
Furret,normal,1.8,32.5,90,70,85,76,64,90,2,non-legendary
Hoothoot,normal,0.7,21.2,255,70,60,30,30,50,2,non-legendary
Noctowl,normal,1.6,40.8,90,70,100,50,50,70,2,non-legendary
Ledyba,bug,1,10.8,255,70,40,20,30,55,2,non-legendary
Ledian,bug,1.4,35.6,90,70,55,35,50,85,2,non-legendary
Spinarak,bug,0.5,8.5,255,70,40,60,40,30,2,non-legendary
Ariados,bug,1.1,33.5,90,70,70,90,70,40,2,non-legendary
Crobat,poison,1.8,75,90,70,85,90,80,130,2,non-legendary
Chinchou,water,0.5,12,190,70,75,38,38,67,2,non-legendary
Lanturn,water,1.2,22.5,75,70,125,58,58,67,2,non-legendary
Pichu,electric,0.3,2,190,70,20,40,15,60,2,non-legendary
Cleffa,fairy,0.3,3,150,140,50,25,28,15,2,non-legendary
Igglybuff,normal,0.3,1,170,70,90,30,15,15,2,non-legendary
Togepi,fairy,0.3,1.5,190,70,35,20,65,20,2,non-legendary
Togetic,fairy,0.6,3.2,75,70,55,40,85,40,2,non-legendary
Natu,psychic,0.2,2,190,70,40,50,45,70,2,non-legendary
Xatu,psychic,1.5,15,75,70,65,75,70,95,2,non-legendary
Mareep,electric,0.6,7.8,235,70,55,40,40,35,2,non-legendary
Flaaffy,electric,0.8,13.3,120,70,70,55,55,45,2,non-legendary
Ampharos,electric,1.4,61.5,45,70,90,95,105,45,2,non-legendary
Bellossom,grass,0.4,5.8,45,70,75,80,95,50,2,non-legendary
Marill,water,0.4,8.5,190,70,70,20,50,40,2,non-legendary
Azumarill,water,0.8,28.5,75,70,100,50,80,50,2,non-legendary
Sudowoodo,rock,1.2,38,65,70,70,100,115,30,2,non-legendary
Politoed,water,1.1,33.9,45,70,90,75,75,70,2,non-legendary
Hoppip,grass,0.4,0.5,255,70,35,35,40,50,2,non-legendary
Skiploom,grass,0.6,1,120,70,55,45,50,80,2,non-legendary
Jumpluff,grass,0.8,3,45,70,75,55,70,110,2,non-legendary
Aipom,normal,0.8,11.5,45,70,55,70,55,85,2,non-legendary
Sunkern,grass,0.3,1.8,235,70,30,30,30,30,2,non-legendary
Sunflora,grass,0.8,8.5,120,70,75,75,55,30,2,non-legendary
Yanma,bug,1.2,38,75,70,65,65,45,95,2,non-legendary
Wooper,water,0.4,8.5,255,70,55,45,45,15,2,non-legendary
Quagsire,water,1.4,75,90,70,95,85,85,35,2,non-legendary
Espeon,psychic,0.9,26.5,45,70,65,65,60,110,2,non-legendary
Umbreon,dark,1,27,45,35,95,65,110,65,2,non-legendary
Murkrow,dark,0.5,2.1,30,35,60,85,42,91,2,non-legendary
Slowking,water,2,79.5,70,70,95,75,80,30,2,non-legendary
Misdreavus,ghost,0.7,1,45,35,60,60,60,85,2,non-legendary
Unown,psychic,0.5,5,225,70,48,72,48,48,2,non-legendary
Wobbuffet,psychic,1.3,28.5,45,70,190,33,58,33,2,non-legendary
Girafarig,normal,1.5,41.5,60,70,70,80,65,85,2,non-legendary
Pineco,bug,0.6,7.2,190,70,50,65,90,15,2,non-legendary
Forretress,bug,1.2,125.8,75,70,75,90,140,40,2,non-legendary
Dunsparce,normal,1.5,14,190,70,100,70,70,45,2,non-legendary
Gligar,ground,1.1,64.8,60,70,65,75,105,85,2,non-legendary
Steelix,steel,9.2,400,25,70,75,125,230,30,2,non-legendary
Snubbull,fairy,0.6,7.8,190,70,60,80,50,30,2,non-legendary
Granbull,fairy,1.4,48.7,75,70,90,120,75,45,2,non-legendary
Qwilfish,water,0.5,3.9,45,70,65,95,85,85,2,non-legendary
Scizor,bug,1.8,118,25,70,70,150,140,75,2,non-legendary
Shuckle,bug,0.6,20.5,190,70,20,10,230,5,2,non-legendary
Heracross,bug,1.5,54,45,70,80,185,115,75,2,non-legendary
Sneasel,dark,0.9,28,60,35,55,95,55,115,2,non-legendary
Teddiursa,normal,0.6,8.8,120,70,60,80,50,40,2,non-legendary
Ursaring,normal,1.8,125.8,60,70,90,130,75,55,2,non-legendary
Slugma,fire,0.7,35,190,70,40,40,40,20,2,non-legendary
Magcargo,fire,0.8,55,75,70,60,50,120,30,2,non-legendary
Swinub,ice,0.4,6.5,225,70,50,50,40,50,2,non-legendary
Piloswine,ice,1.1,55.8,75,70,100,100,80,50,2,non-legendary
Corsola,water,0.6,5,60,70,65,55,95,35,2,non-legendary
Remoraid,water,0.6,12,190,70,35,65,35,65,2,non-legendary
Octillery,water,0.9,28.5,75,70,75,105,75,45,2,non-legendary
Delibird,ice,0.9,16,45,70,45,55,45,75,2,non-legendary
Mantine,water,2.1,220,25,70,85,40,70,70,2,non-legendary
Skarmory,steel,1.7,50.5,25,70,65,80,140,70,2,non-legendary
Houndour,dark,0.6,10.8,120,35,45,60,30,65,2,non-legendary
Houndoom,dark,1.4,35,45,35,75,90,90,115,2,non-legendary
Kingdra,water,1.8,152,45,70,75,95,95,85,2,non-legendary
Phanpy,ground,0.5,33.5,120,70,90,60,60,40,2,non-legendary
Donphan,ground,1.1,120,60,70,90,120,120,50,2,non-legendary
Porygon2,normal,0.6,32.5,45,70,85,80,90,60,2,non-legendary
Stantler,normal,1.4,71.2,45,70,73,95,62,85,2,non-legendary
Smeargle,normal,1.2,58,45,70,55,20,35,75,2,non-legendary
Tyrogue,fighting,0.7,21,75,70,35,35,35,35,2,non-legendary
Hitmontop,fighting,1.4,48,45,70,50,95,95,70,2,non-legendary
Smoochum,ice,0.4,6,45,70,45,30,15,65,2,non-legendary
Elekid,electric,0.6,23.5,45,70,45,63,37,95,2,non-legendary
Magby,fire,0.7,21.4,45,70,45,75,37,83,2,non-legendary
Miltank,normal,1.2,75.5,45,70,95,80,105,100,2,non-legendary
Blissey,normal,1.5,46.8,30,140,255,10,10,55,2,non-legendary
Raikou,electric,1.9,178,3,35,90,85,75,115,2,legendary
Entei,fire,2.1,198,3,35,115,115,85,100,2,legendary
Suicune,water,2,187,3,35,100,75,115,85,2,legendary
Larvitar,rock,0.6,72,45,35,50,64,50,41,2,non-legendary
Pupitar,rock,1.2,152,45,35,70,84,70,51,2,non-legendary
Tyranitar,rock,2,202,45,35,100,164,150,71,2,non-legendary
Lugia,psychic,5.2,216,3,0,106,90,130,110,2,legendary
Ho-Oh,fire,3.8,199,3,0,106,130,90,90,2,legendary
Celebi,psychic,0.6,5,45,100,100,100,100,100,2,legendary
Treecko,grass,0.5,5,45,70,40,45,35,70,3,non-legendary
Grovyle,grass,0.9,21.6,45,70,50,65,45,95,3,non-legendary
Sceptile,grass,1.7,52.2,45,70,70,110,75,145,3,non-legendary
Torchic,fire,0.4,2.5,45,70,45,60,40,45,3,non-legendary
Combusken,fire,0.9,19.5,45,70,60,85,60,55,3,non-legendary
Blaziken,fire,1.9,52,45,70,80,160,80,100,3,non-legendary
Mudkip,water,0.4,7.6,45,70,50,70,50,40,3,non-legendary
Marshtomp,water,0.7,28,45,70,70,85,70,50,3,non-legendary
Swampert,water,1.5,81.9,45,70,100,150,110,70,3,non-legendary
Poochyena,dark,0.5,13.6,255,70,35,55,35,35,3,non-legendary
Mightyena,dark,1,37,127,70,70,90,70,70,3,non-legendary
Zigzagoon,normal,0.4,17.5,255,70,38,30,41,60,3,non-legendary
Linoone,normal,0.5,32.5,90,70,78,70,61,100,3,non-legendary
Wurmple,bug,0.3,3.6,255,70,45,45,35,20,3,non-legendary
Silcoon,bug,0.6,10,120,70,50,35,55,15,3,non-legendary
Beautifly,bug,1,28.4,45,70,60,70,50,65,3,non-legendary
Cascoon,bug,0.7,11.5,120,70,50,35,55,15,3,non-legendary
Dustox,bug,1.2,31.6,45,70,60,50,70,65,3,non-legendary
Lotad,water,0.5,2.6,255,70,40,30,30,30,3,non-legendary
Lombre,water,1.2,32.5,120,70,60,50,50,50,3,non-legendary
Ludicolo,water,1.5,55,45,70,80,70,70,70,3,non-legendary
Seedot,grass,0.5,4,255,70,40,40,50,30,3,non-legendary
Nuzleaf,grass,1,28,120,70,70,70,40,60,3,non-legendary
Shiftry,grass,1.3,59.6,45,70,90,100,60,80,3,non-legendary
Taillow,normal,0.3,2.3,200,70,40,55,30,85,3,non-legendary
Swellow,normal,0.7,19.8,45,70,60,85,60,125,3,non-legendary
Wingull,water,0.6,9.5,190,70,40,30,30,85,3,non-legendary
Pelipper,water,1.2,28,45,70,60,50,100,65,3,non-legendary
Ralts,psychic,0.4,6.6,235,35,28,25,25,40,3,non-legendary
Kirlia,psychic,0.8,20.2,120,35,38,35,35,50,3,non-legendary
Gardevoir,psychic,1.6,48.4,45,35,68,85,65,100,3,non-legendary
Surskit,bug,0.5,1.7,200,70,40,30,32,65,3,non-legendary
Masquerain,bug,0.8,3.6,75,70,70,60,62,80,3,non-legendary
Shroomish,grass,0.4,4.5,255,70,60,40,60,35,3,non-legendary
Breloom,grass,1.2,39.2,90,70,60,130,80,70,3,non-legendary
Slakoth,normal,0.8,24,255,70,60,60,60,30,3,non-legendary
Vigoroth,normal,1.4,46.5,120,70,80,80,80,90,3,non-legendary
Slaking,normal,2,130.5,45,70,150,160,100,100,3,non-legendary
Nincada,bug,0.5,5.5,255,70,31,45,90,40,3,non-legendary
Ninjask,bug,0.8,12,120,70,61,90,45,160,3,non-legendary
Shedinja,bug,0.8,1.2,45,70,1,90,45,40,3,non-legendary
Whismur,normal,0.6,16.3,190,70,64,51,23,28,3,non-legendary
Loudred,normal,1,40.5,120,70,84,71,43,48,3,non-legendary
Exploud,normal,1.5,84,45,70,104,91,63,68,3,non-legendary
Makuhita,fighting,1,86.4,180,70,72,60,30,25,3,non-legendary
Hariyama,fighting,2.3,253.8,200,70,144,120,60,50,3,non-legendary
Azurill,normal,0.2,2,150,70,50,20,40,20,3,non-legendary
Nosepass,rock,1,97,255,70,30,45,135,30,3,non-legendary
Skitty,normal,0.6,11,255,70,50,45,45,50,3,non-legendary
Delcatty,normal,1.1,32.6,60,70,70,65,65,90,3,non-legendary
Sableye,dark,0.5,11,45,35,50,85,125,20,3,non-legendary
Mawile,steel,0.6,11.5,45,70,50,105,125,50,3,non-legendary
Aron,steel,0.4,60,180,35,50,70,100,30,3,non-legendary
Lairon,steel,0.9,120,90,35,60,90,140,40,3,non-legendary
Aggron,steel,2.1,360,45,35,70,140,230,50,3,non-legendary
Meditite,fighting,0.6,11.2,180,70,30,40,55,60,3,non-legendary
Medicham,fighting,1.3,31.5,90,70,60,100,85,100,3,non-legendary
Electrike,electric,0.6,15.2,120,70,40,45,40,65,3,non-legendary
Manectric,electric,1.5,40.2,45,70,70,75,80,135,3,non-legendary
Plusle,electric,0.4,4.2,200,70,60,50,40,95,3,non-legendary
Minun,electric,0.4,4.2,200,70,60,40,50,95,3,non-legendary
Volbeat,bug,0.7,17.7,150,70,65,73,75,85,3,non-legendary
Illumise,bug,0.6,17.7,150,70,65,47,75,85,3,non-legendary
Roselia,grass,0.3,2,150,70,50,60,45,65,3,non-legendary
Gulpin,poison,0.4,10.3,225,70,70,43,53,40,3,non-legendary
Swalot,poison,1.7,80,75,70,100,73,83,55,3,non-legendary
Carvanha,water,0.8,20.8,225,35,45,90,20,65,3,non-legendary
Sharpedo,water,1.8,88.8,60,35,70,140,70,105,3,non-legendary
Wailmer,water,2,130,125,70,130,70,35,60,3,non-legendary
Wailord,water,14.5,398,60,70,170,90,45,60,3,non-legendary
Numel,fire,0.7,24,255,70,60,60,40,35,3,non-legendary
Camerupt,fire,1.9,220,150,70,70,120,100,20,3,non-legendary
Torkoal,fire,0.5,80.4,90,70,70,85,140,20,3,non-legendary
Spoink,psychic,0.7,30.6,255,70,60,25,35,60,3,non-legendary
Grumpig,psychic,0.9,71.5,60,70,80,45,65,80,3,non-legendary
Spinda,normal,1.1,5,255,70,60,60,60,60,3,non-legendary
Trapinch,ground,0.7,15,255,70,45,100,45,10,3,non-legendary
Vibrava,ground,1.1,15.3,120,70,50,70,50,70,3,non-legendary
Flygon,ground,2,82,45,70,80,100,80,100,3,non-legendary
Cacnea,grass,0.4,51.3,190,35,50,85,40,35,3,non-legendary
Cacturne,grass,1.3,77.4,60,35,70,115,60,55,3,non-legendary
Swablu,normal,0.4,1.2,255,70,45,40,60,50,3,non-legendary
Altaria,dragon,1.1,20.6,45,70,75,110,110,80,3,non-legendary
Zangoose,normal,1.3,40.3,90,70,73,115,60,90,3,non-legendary
Seviper,poison,2.7,52.5,90,70,73,100,60,65,3,non-legendary
Lunatone,rock,1,168,45,70,90,55,65,70,3,non-legendary
Solrock,rock,1.2,154,45,70,90,95,85,70,3,non-legendary
Barboach,water,0.4,1.9,190,70,50,48,43,60,3,non-legendary
Whiscash,water,0.9,23.6,75,70,110,78,73,60,3,non-legendary
Corphish,water,0.6,11.5,205,70,43,80,65,35,3,non-legendary
Crawdaunt,water,1.1,32.8,155,70,63,120,85,55,3,non-legendary
Baltoy,ground,0.5,21.5,255,70,40,40,55,55,3,non-legendary
Claydol,ground,1.5,108,90,70,60,70,105,75,3,non-legendary
Lileep,rock,1,23.8,45,70,66,41,77,23,3,non-legendary
Cradily,rock,1.5,60.4,45,70,86,81,97,43,3,non-legendary
Anorith,rock,0.7,12.5,45,70,45,95,50,75,3,non-legendary
Armaldo,rock,1.5,68.2,45,70,75,125,100,45,3,non-legendary
Feebas,water,0.6,7.4,255,70,20,15,20,80,3,non-legendary
Milotic,water,6.2,162,60,70,95,60,79,81,3,non-legendary
Castform,normal,0.3,0.8,45,70,70,70,70,70,3,non-legendary
Kecleon,normal,1,22,200,70,60,90,70,40,3,non-legendary
Shuppet,ghost,0.6,2.3,225,35,44,75,35,45,3,non-legendary
Banette,ghost,1.1,12.5,45,35,64,165,75,75,3,non-legendary
Duskull,ghost,0.8,15,190,35,20,40,90,25,3,non-legendary
Dusclops,ghost,1.6,30.6,90,35,40,70,130,25,3,non-legendary
Tropius,grass,2,100,200,70,99,68,83,51,3,non-legendary
Chimecho,psychic,0.6,1,45,70,75,50,80,65,3,non-legendary
Absol,dark,1.2,47,30,35,65,150,60,115,3,non-legendary
Wynaut,psychic,0.6,14,125,70,95,23,48,23,3,non-legendary
Snorunt,ice,0.7,16.8,190,70,50,50,50,50,3,non-legendary
Glalie,ice,1.5,256.5,75,70,80,120,80,100,3,non-legendary
Spheal,ice,0.8,39.5,255,70,70,40,50,25,3,non-legendary
Sealeo,ice,1.1,87.6,120,70,90,60,70,45,3,non-legendary
Walrein,ice,1.4,150.6,45,70,110,80,90,65,3,non-legendary
Clamperl,water,0.4,52.5,255,70,35,64,85,32,3,non-legendary
Huntail,water,1.7,27,60,70,55,104,105,52,3,non-legendary
Gorebyss,water,1.8,22.6,60,70,55,84,105,52,3,non-legendary
Relicanth,water,1,23.4,25,70,100,90,130,55,3,non-legendary
Luvdisc,water,0.6,8.7,225,70,43,30,55,97,3,non-legendary
Bagon,dragon,0.6,42.1,45,35,45,75,60,50,3,non-legendary
Shelgon,dragon,1.1,110.5,45,35,65,95,100,50,3,non-legendary
Salamence,dragon,1.5,102.6,45,35,95,145,130,120,3,non-legendary
Beldum,steel,0.6,95.2,3,35,40,55,80,30,3,non-legendary
Metang,steel,1.2,202.5,3,35,60,75,100,50,3,non-legendary
Metagross,steel,1.6,550,3,35,80,145,150,110,3,non-legendary
Regirock,rock,1.7,230,3,35,80,100,200,50,3,legendary
Regice,ice,1.8,175,3,35,80,50,100,50,3,legendary
Registeel,steel,1.9,205,3,35,80,75,150,50,3,legendary
Latias,dragon,1.4,40,3,90,80,100,120,110,3,legendary
Latios,dragon,2,60,3,90,80,130,100,110,3,legendary
Kyogre,water,4.5,352,3,0,100,150,90,90,3,legendary
Groudon,ground,3.5,950,3,0,100,180,160,90,3,legendary
Rayquaza,dragon,7,206.5,45,0,105,180,100,115,3,legendary
Jirachi,steel,0.3,1.1,3,100,100,100,100,100,3,legendary
Deoxys,psychic,1.7,60.8,3,0,50,95,90,180,3,legendary
Turtwig,grass,0.4,10.2,45,70,55,68,64,31,4,non-legendary
Grotle,grass,1.1,97,45,70,75,89,85,36,4,non-legendary
Torterra,grass,2.2,310,45,70,95,109,105,56,4,non-legendary
Chimchar,fire,0.5,6.2,45,70,44,58,44,61,4,non-legendary
Monferno,fire,0.9,22,45,70,64,78,52,81,4,non-legendary
Infernape,fire,1.2,55,45,70,76,104,71,108,4,non-legendary
Piplup,water,0.4,5.2,45,70,53,51,53,40,4,non-legendary
Prinplup,water,0.8,23,45,70,64,66,68,50,4,non-legendary
Empoleon,water,1.7,84.5,45,70,84,86,88,60,4,non-legendary
Starly,normal,0.3,2,255,70,40,55,30,60,4,non-legendary
Staravia,normal,0.6,15.5,120,70,55,75,50,80,4,non-legendary
Staraptor,normal,1.2,24.9,45,70,85,120,70,100,4,non-legendary
Bidoof,normal,0.5,20,255,70,59,45,40,31,4,non-legendary
Bibarel,normal,1,31.5,127,70,79,85,60,71,4,non-legendary
Kricketot,bug,0.3,2.2,255,70,37,25,41,25,4,non-legendary
Kricketune,bug,1,25.5,45,70,77,85,51,65,4,non-legendary
Shinx,electric,0.5,9.5,235,70,45,65,34,45,4,non-legendary
Luxio,electric,0.9,30.5,120,100,60,85,49,60,4,non-legendary
Luxray,electric,1.4,42,45,70,80,120,79,70,4,non-legendary
Budew,grass,0.2,1.2,255,70,40,30,35,55,4,non-legendary
Roserade,grass,0.9,14.5,75,70,60,70,65,90,4,non-legendary
Cranidos,rock,0.9,31.5,45,70,67,125,40,58,4,non-legendary
Rampardos,rock,1.6,102.5,45,70,97,165,60,58,4,non-legendary
Shieldon,rock,0.5,57,45,70,30,42,118,30,4,non-legendary
Bastiodon,rock,1.3,149.5,45,70,60,52,168,30,4,non-legendary
Burmy,bug,0.2,3.4,120,70,40,29,45,36,4,non-legendary
Wormadam,bug,0.5,6.5,45,70,60,69,95,36,4,non-legendary
Mothim,bug,0.9,23.3,45,70,70,94,50,66,4,non-legendary
Combee,bug,0.3,5.5,120,70,30,30,42,70,4,non-legendary
Vespiquen,bug,1.2,38.5,45,70,70,80,102,40,4,non-legendary
Pachirisu,electric,0.4,3.9,200,100,60,45,70,95,4,non-legendary
Buizel,water,0.7,29.5,190,70,55,65,35,85,4,non-legendary
Floatzel,water,1.1,33.5,75,70,85,105,55,115,4,non-legendary
Cherubi,grass,0.4,3.3,190,70,45,35,45,35,4,non-legendary
Cherrim,grass,0.5,9.3,75,70,70,60,70,85,4,non-legendary
Shellos,water,0.3,6.3,190,70,76,48,48,34,4,non-legendary
Gastrodon,water,0.9,29.9,75,70,111,83,68,39,4,non-legendary
Ambipom,normal,1.2,20.3,45,100,75,100,66,115,4,non-legendary
Drifloon,ghost,0.4,1.2,125,70,90,50,34,70,4,non-legendary
Drifblim,ghost,1.2,15,60,70,150,80,44,80,4,non-legendary
Buneary,normal,0.4,5.5,190,0,55,66,44,85,4,non-legendary
Lopunny,normal,1.2,33.3,60,140,65,136,94,135,4,non-legendary
Mismagius,ghost,0.9,4.4,45,35,60,60,60,105,4,non-legendary
Honchkrow,dark,0.9,27.3,30,35,100,125,52,71,4,non-legendary
Glameow,normal,0.5,3.9,190,70,49,55,42,85,4,non-legendary
Purugly,normal,1,43.8,75,70,71,82,64,112,4,non-legendary
Chingling,psychic,0.2,0.6,120,70,45,30,50,45,4,non-legendary
Stunky,poison,0.4,19.2,225,70,63,63,47,74,4,non-legendary
Skuntank,poison,1,38,60,70,103,93,67,84,4,non-legendary
Bronzor,steel,0.5,60.5,255,70,57,24,86,23,4,non-legendary
Bronzong,steel,1.3,187,90,70,67,89,116,33,4,non-legendary
Bonsly,rock,0.5,15,255,70,50,80,95,10,4,non-legendary
Mime Jr.,psychic,0.6,13,145,70,20,25,45,60,4,non-legendary
Happiny,normal,0.6,24.4,130,140,100,5,5,30,4,non-legendary
Chatot,normal,0.5,1.9,30,35,76,65,45,91,4,non-legendary
Spiritomb,ghost,1,108,100,70,50,92,108,35,4,non-legendary
Gible,dragon,0.7,20.5,45,70,58,70,45,42,4,non-legendary
Gabite,dragon,1.4,56,45,70,68,90,65,82,4,non-legendary
Garchomp,dragon,1.9,95,45,70,108,170,115,92,4,non-legendary
Munchlax,normal,0.6,105,50,70,135,85,40,5,4,non-legendary
Riolu,fighting,0.7,20.2,75,70,40,70,40,60,4,non-legendary
Lucario,fighting,1.2,54,45,70,70,145,88,112,4,non-legendary
Hippopotas,ground,0.8,49.5,140,70,68,72,78,32,4,non-legendary
Hippowdon,ground,2,300,60,70,108,112,118,47,4,non-legendary
Skorupi,poison,0.8,12,120,70,40,50,90,65,4,non-legendary
Drapion,poison,1.3,61.5,45,70,70,90,110,95,4,non-legendary
Croagunk,poison,0.7,23,140,100,48,61,40,50,4,non-legendary
Toxicroak,poison,1.3,44.4,75,70,83,106,65,85,4,non-legendary
Carnivine,grass,1.4,27,200,70,74,100,72,46,4,non-legendary
Finneon,water,0.4,7,190,70,49,49,56,66,4,non-legendary
Lumineon,water,1.2,24,75,70,69,69,76,91,4,non-legendary
Mantyke,water,1,65,25,70,45,20,50,50,4,non-legendary
Snover,grass,1,50.5,120,70,60,62,50,40,4,non-legendary
Abomasnow,grass,2.2,135.5,60,70,90,132,105,30,4,non-legendary
Weavile,dark,1.1,34,45,35,70,120,65,125,4,non-legendary
Magnezone,electric,1.2,180,30,70,70,70,115,60,4,non-legendary
Lickilicky,normal,1.7,140,30,70,110,85,95,50,4,non-legendary
Rhyperior,ground,2.4,282.8,30,70,115,140,130,40,4,non-legendary
Tangrowth,grass,2,128.6,30,70,100,100,125,50,4,non-legendary
Electivire,electric,1.8,138.6,30,70,75,123,67,95,4,non-legendary
Magmortar,fire,1.6,68,30,70,75,95,67,83,4,non-legendary
Togekiss,fairy,1.5,38,30,70,85,50,95,80,4,non-legendary
Yanmega,bug,1.9,51.5,30,70,86,76,86,95,4,non-legendary
Leafeon,grass,1,25.5,45,35,65,110,130,95,4,non-legendary
Glaceon,ice,0.8,25.9,45,35,65,60,110,65,4,non-legendary
Gliscor,ground,2,42.5,30,70,75,95,125,95,4,non-legendary
Mamoswine,ice,2.5,291,50,70,110,130,80,80,4,non-legendary
Porygon-Z,normal,0.9,34,30,70,85,80,70,90,4,non-legendary
Gallade,psychic,1.6,52,45,35,68,165,95,110,4,non-legendary
Probopass,rock,1.4,340,60,70,60,55,145,40,4,non-legendary
Dusknoir,ghost,2.2,106.6,45,35,45,100,135,45,4,non-legendary
Froslass,ice,1.3,26.6,75,70,70,80,70,110,4,non-legendary
Rotom,electric,0.3,0.3,45,70,50,65,107,86,4,non-legendary
Uxie,psychic,0.3,0.3,3,140,75,75,130,95,4,legendary
Mesprit,psychic,0.3,0.3,3,140,80,105,105,80,4,legendary
Azelf,psychic,0.3,0.3,3,140,75,125,70,115,4,legendary
Dialga,steel,5.4,683,3,0,100,120,120,90,4,legendary
Palkia,water,4.2,336,3,0,90,120,100,100,4,legendary
Heatran,fire,1.7,430,3,100,91,90,106,77,4,legendary
Regigigas,normal,3.7,420,3,0,110,160,110,100,4,legendary
Giratina,ghost,4.5,750,3,0,150,120,100,90,4,legendary
Cresselia,psychic,1.5,85.6,3,100,120,70,120,85,4,legendary
Phione,water,0.4,3.1,30,70,80,80,80,80,4,non-legendary
Manaphy,water,0.3,1.4,3,70,100,100,100,100,4,legendary
Darkrai,dark,1.5,50.5,3,0,70,90,90,125,4,legendary
Shaymin,grass,0.2,2.1,45,100,100,103,75,127,4,legendary
Arceus,normal,3.2,320,3,0,120,120,120,120,4,legendary
Victini,psychic,0.4,4,3,100,100,100,100,100,5,legendary
Snivy,grass,0.6,8.1,45,70,45,45,55,63,5,non-legendary
Servine,grass,0.8,16,45,70,60,60,75,83,5,non-legendary
Serperior,grass,3.3,63,45,70,75,75,95,113,5,non-legendary
Tepig,fire,0.5,9.9,45,70,65,63,45,45,5,non-legendary
Pignite,fire,1,55.5,45,70,90,93,55,55,5,non-legendary
Emboar,fire,1.6,150,45,70,110,123,65,65,5,non-legendary
Oshawott,water,0.5,5.9,45,70,55,55,45,45,5,non-legendary
Dewott,water,0.8,24.5,45,70,75,75,60,60,5,non-legendary
Samurott,water,1.5,94.6,45,70,95,100,85,70,5,non-legendary
Patrat,normal,0.5,11.6,255,70,45,55,39,42,5,non-legendary
Watchog,normal,1.1,27,255,70,60,85,69,77,5,non-legendary
Lillipup,normal,0.4,4.1,255,70,45,60,45,55,5,non-legendary
Herdier,normal,0.9,14.7,120,70,65,80,65,60,5,non-legendary
Stoutland,normal,1.2,61,45,70,85,110,90,80,5,non-legendary
Purrloin,dark,0.4,10.1,255,70,41,50,37,66,5,non-legendary
Liepard,dark,1.1,37.5,90,70,64,88,50,106,5,non-legendary
Pansage,grass,0.6,10.5,190,70,50,53,48,64,5,non-legendary
Simisage,grass,1.1,30.5,75,70,75,98,63,101,5,non-legendary
Pansear,fire,0.6,11,190,70,50,53,48,64,5,non-legendary
Simisear,fire,1,28,75,70,75,98,63,101,5,non-legendary
Panpour,water,0.6,13.5,190,70,50,53,48,64,5,non-legendary
Simipour,water,1,29,75,70,75,98,63,101,5,non-legendary
Munna,psychic,0.6,23.3,190,70,76,25,45,24,5,non-legendary
Musharna,psychic,1.1,60.5,75,70,116,55,85,29,5,non-legendary
Pidove,normal,0.3,2.1,255,70,50,55,50,43,5,non-legendary
Tranquill,normal,0.6,15,120,70,62,77,62,65,5,non-legendary
Unfezant,normal,1.2,29,45,70,80,115,80,93,5,non-legendary
Blitzle,electric,0.8,29.8,190,70,45,60,32,76,5,non-legendary
Zebstrika,electric,1.6,79.5,75,70,75,100,63,116,5,non-legendary
Roggenrola,rock,0.4,18,255,70,55,75,85,15,5,non-legendary
Boldore,rock,0.9,102,120,70,70,105,105,20,5,non-legendary
Gigalith,rock,1.7,260,45,70,85,135,130,25,5,non-legendary
Woobat,psychic,0.4,2.1,190,70,65,45,43,72,5,non-legendary
Swoobat,psychic,0.9,10.5,45,70,67,57,55,114,5,non-legendary
Drilbur,ground,0.3,8.5,120,70,60,85,40,68,5,non-legendary
Excadrill,ground,0.7,40.4,60,70,110,135,60,88,5,non-legendary
Audino,normal,1.1,31,255,70,103,60,126,50,5,non-legendary
Timburr,fighting,0.6,12.5,180,70,75,80,55,35,5,non-legendary
Gurdurr,fighting,1.2,40,90,70,85,105,85,40,5,non-legendary
Conkeldurr,fighting,1.4,87,45,70,105,140,95,45,5,non-legendary
Tympole,water,0.5,4.5,255,70,50,50,40,64,5,non-legendary
Palpitoad,water,0.8,17,120,70,75,65,55,69,5,non-legendary
Seismitoad,water,1.5,62,45,70,105,95,75,74,5,non-legendary
Throh,fighting,1.3,55.5,45,70,120,100,85,45,5,non-legendary
Sawk,fighting,1.4,51,45,70,75,125,75,85,5,non-legendary
Sewaddle,bug,0.3,2.5,255,70,45,53,70,42,5,non-legendary
Swadloon,bug,0.5,7.3,120,70,55,63,90,42,5,non-legendary
Leavanny,bug,1.2,20.5,45,70,75,103,80,92,5,non-legendary
Venipede,bug,0.4,5.3,255,70,30,45,59,57,5,non-legendary
Whirlipede,bug,1.2,58.5,120,70,40,55,99,47,5,non-legendary
Scolipede,bug,2.5,200.5,45,70,60,100,89,112,5,non-legendary
Cottonee,grass,0.3,0.6,190,70,40,27,60,66,5,non-legendary
Whimsicott,grass,0.7,6.6,75,70,60,67,85,116,5,non-legendary
Petilil,grass,0.5,6.6,190,70,45,35,50,30,5,non-legendary
Lilligant,grass,1.1,16.3,75,70,70,60,75,90,5,non-legendary
Basculin,water,1,18,25,70,70,92,65,98,5,non-legendary
Sandile,ground,0.7,15.2,180,70,50,72,35,65,5,non-legendary
Krokorok,ground,1,33.4,90,70,60,82,45,74,5,non-legendary
Krookodile,ground,1.5,96.3,45,70,95,117,80,92,5,non-legendary
Darumaka,fire,0.6,37.5,120,70,70,90,45,50,5,non-legendary
Darmanitan,fire,1.3,92.9,60,70,105,30,105,55,5,non-legendary
Maractus,grass,1,28,255,70,75,86,67,60,5,non-legendary
Dwebble,bug,0.3,14.5,190,70,50,65,85,55,5,non-legendary
Crustle,bug,1.4,200,75,70,70,105,125,45,5,non-legendary
Scraggy,dark,0.6,11.8,180,35,50,75,70,48,5,non-legendary
Scrafty,dark,1.1,30,90,70,65,90,115,58,5,non-legendary
Sigilyph,psychic,1.4,14,45,70,72,58,80,97,5,non-legendary
Yamask,ghost,0.5,1.5,190,70,38,30,85,30,5,non-legendary
Cofagrigus,ghost,1.7,76.5,90,70,58,50,145,30,5,non-legendary
Tirtouga,water,0.7,16.5,45,70,54,78,103,22,5,non-legendary
Carracosta,water,1.2,81,45,70,74,108,133,32,5,non-legendary
Archen,rock,0.5,9.5,45,70,55,112,45,70,5,non-legendary
Archeops,rock,1.4,32,45,70,75,140,65,110,5,non-legendary
Trubbish,poison,0.6,31,190,70,50,50,62,65,5,non-legendary
Garbodor,poison,1.9,107.3,60,70,80,95,82,75,5,non-legendary
Zorua,dark,0.7,12.5,75,70,40,65,40,65,5,non-legendary
Zoroark,dark,1.6,81.1,45,70,60,105,60,105,5,non-legendary
Minccino,normal,0.4,5.8,255,70,55,50,40,75,5,non-legendary
Cinccino,normal,0.5,7.5,60,70,75,95,60,115,5,non-legendary
Gothita,psychic,0.4,5.8,200,70,45,30,50,45,5,non-legendary
Gothorita,psychic,0.7,18,100,70,60,45,70,55,5,non-legendary
Gothitelle,psychic,1.5,44,50,70,70,55,95,65,5,non-legendary
Solosis,psychic,0.3,1,200,70,45,30,40,20,5,non-legendary
Duosion,psychic,0.6,8,100,70,65,40,50,30,5,non-legendary
Reuniclus,psychic,1,20.1,50,70,110,65,75,30,5,non-legendary
Ducklett,water,0.5,5.5,190,70,62,44,50,55,5,non-legendary
Swanna,water,1.3,24.2,45,70,75,87,63,98,5,non-legendary
Vanillite,ice,0.4,5.7,255,70,36,50,50,44,5,non-legendary
Vanillish,ice,1.1,41,120,70,51,65,65,59,5,non-legendary
Vanilluxe,ice,1.3,57.5,45,70,71,95,85,79,5,non-legendary
Deerling,normal,0.6,19.5,190,70,60,60,50,75,5,non-legendary
Sawsbuck,normal,1.9,92.5,75,70,80,100,70,95,5,non-legendary
Emolga,electric,0.4,5,200,70,55,75,60,103,5,non-legendary
Karrablast,bug,0.5,5.9,200,70,50,75,45,60,5,non-legendary
Escavalier,bug,1,33,75,70,70,135,105,20,5,non-legendary
Foongus,grass,0.2,1,190,70,69,55,45,15,5,non-legendary
Amoonguss,grass,0.6,10.5,75,70,114,85,70,30,5,non-legendary
Frillish,water,1.2,33,190,70,55,40,50,40,5,non-legendary
Jellicent,water,2.2,135,60,70,100,60,70,60,5,non-legendary
Alomomola,water,1.2,31.6,75,70,165,75,80,65,5,non-legendary
Joltik,bug,0.1,0.6,190,70,50,47,50,65,5,non-legendary
Galvantula,bug,0.8,14.3,75,70,70,77,60,108,5,non-legendary
Ferroseed,grass,0.6,18.8,255,70,44,50,91,10,5,non-legendary
Ferrothorn,grass,1,110,90,70,74,94,131,20,5,non-legendary
Klink,steel,0.3,21,130,70,40,55,70,30,5,non-legendary
Klang,steel,0.6,51,60,70,60,80,95,50,5,non-legendary
Klinklang,steel,0.6,81,30,70,60,100,115,90,5,non-legendary
Tynamo,electric,0.2,0.3,190,70,35,55,40,60,5,non-legendary
Eelektrik,electric,1.2,22,60,70,65,85,70,40,5,non-legendary
Eelektross,electric,2.1,80.5,30,70,85,115,80,50,5,non-legendary
Elgyem,psychic,0.5,9,255,70,55,55,55,30,5,non-legendary
Beheeyem,psychic,1,34.5,90,70,75,75,75,40,5,non-legendary
Litwick,ghost,0.3,3.1,190,70,50,30,55,20,5,non-legendary
Lampent,ghost,0.6,13,90,70,60,40,60,55,5,non-legendary
Chandelure,ghost,1,34.3,45,70,60,55,90,80,5,non-legendary
Axew,dragon,0.6,18,75,35,46,87,60,57,5,non-legendary
Fraxure,dragon,1,36,60,35,66,117,70,67,5,non-legendary
Haxorus,dragon,1.8,105.5,45,35,76,147,90,97,5,non-legendary
Cubchoo,ice,0.5,8.5,120,70,55,70,40,40,5,non-legendary
Beartic,ice,2.6,260,60,70,95,130,80,50,5,non-legendary
Cryogonal,ice,1.1,148,25,70,80,50,50,105,5,non-legendary
Shelmet,bug,0.4,7.7,200,70,50,40,85,25,5,non-legendary
Accelgor,bug,0.8,25.3,75,70,80,70,40,145,5,non-legendary
Stunfisk,ground,0.7,11,75,70,109,66,84,32,5,non-legendary
Mienfoo,fighting,0.9,20,180,70,45,85,50,65,5,non-legendary
Mienshao,fighting,1.4,35.5,45,70,65,125,60,105,5,non-legendary
Druddigon,dragon,1.6,139,45,70,77,120,90,48,5,non-legendary
Golett,ground,1,92,190,70,59,74,50,35,5,non-legendary
Golurk,ground,2.8,330,90,70,89,124,80,55,5,non-legendary
Pawniard,dark,0.5,10.2,120,35,45,85,70,60,5,non-legendary
Bisharp,dark,1.6,70,45,35,65,125,100,70,5,non-legendary
Bouffalant,normal,1.6,94.6,45,70,95,110,95,55,5,non-legendary
Rufflet,normal,0.5,10.5,190,70,70,83,50,60,5,non-legendary
Braviary,normal,1.5,41,60,70,100,123,75,80,5,non-legendary
Vullaby,dark,0.5,9,190,35,70,55,75,60,5,non-legendary
Mandibuzz,dark,1.2,39.5,60,35,110,65,105,80,5,non-legendary
Heatmor,fire,1.4,58,90,70,85,97,66,65,5,non-legendary
Durant,bug,0.3,33,90,70,58,109,112,109,5,non-legendary
Deino,dark,0.8,17.3,45,35,52,65,50,38,5,non-legendary
Zweilous,dark,1.4,50,45,35,72,85,70,58,5,non-legendary
Hydreigon,dark,1.8,160,45,35,92,105,90,98,5,non-legendary
Larvesta,bug,1.1,28.8,45,70,55,85,55,60,5,non-legendary
Volcarona,bug,1.6,46,15,70,85,60,65,100,5,non-legendary
Cobalion,steel,2.1,250,3,35,91,90,129,108,5,legendary
Terrakion,rock,1.9,260,3,35,91,129,90,108,5,legendary
Virizion,grass,2,200,3,35,91,90,72,108,5,legendary
Tornadus,flying,1.5,63,3,90,79,100,80,121,5,legendary
Thundurus,electric,1.5,61,3,90,79,105,70,101,5,legendary
Reshiram,dragon,3.2,330,3,0,100,120,100,90,5,legendary
Zekrom,dragon,2.9,345,3,0,100,150,120,90,5,legendary
Landorus,ground,1.5,68,3,90,89,145,90,91,5,legendary
Kyurem,dragon,3,325,3,0,125,120,90,95,5,legendary
Keldeo,water,1.4,48.5,3,35,91,72,90,108,5,legendary
Meloetta,normal,0.6,6.5,3,100,100,128,90,128,5,legendary
Genesect,bug,1.5,82.5,3,0,71,120,95,99,5,legendary
Chespin,grass,0.4,9,45,70,56,61,65,38,6,non-legendary
Quilladin,grass,0.7,29,45,70,61,78,95,57,6,non-legendary
Chesnaught,grass,1.6,90,45,70,88,107,122,64,6,non-legendary
Fennekin,fire,0.4,9.4,45,70,40,45,40,60,6,non-legendary
Braixen,fire,1,14.5,45,70,59,59,58,73,6,non-legendary
Delphox,fire,1.5,39,45,70,75,69,72,104,6,non-legendary
Froakie,water,0.3,7,45,70,41,56,40,71,6,non-legendary
Frogadier,water,0.6,10.9,45,70,54,63,52,97,6,non-legendary
Greninja,water,1.5,40,45,70,72,145,67,132,6,non-legendary
Bunnelby,normal,0.4,5,255,70,38,36,38,57,6,non-legendary
Diggersby,normal,1,42.4,127,70,85,56,77,78,6,non-legendary
Fletchling,normal,0.3,1.7,255,70,45,50,43,62,6,non-legendary
Fletchinder,fire,0.7,16,120,70,62,73,55,84,6,non-legendary
Talonflame,fire,1.2,24.5,45,70,78,81,71,126,6,non-legendary
Scatterbug,bug,0.3,2.5,255,70,38,35,40,35,6,non-legendary
Spewpa,bug,0.3,8.4,120,70,45,22,60,29,6,non-legendary
Vivillon,bug,1.2,17,45,70,80,52,50,89,6,non-legendary
Litleo,fire,0.6,13.5,220,70,62,50,58,72,6,non-legendary
Pyroar,fire,1.5,81.5,65,70,86,68,72,106,6,non-legendary
Flabébé,fairy,0.1,0.1,225,70,44,38,39,42,6,non-legendary
Floette,fairy,0.2,0.9,120,70,74,65,67,92,6,non-legendary
Florges,fairy,1.1,10,45,70,78,65,68,75,6,non-legendary
Skiddo,grass,0.9,31,200,70,66,65,48,52,6,non-legendary
Gogoat,grass,1.7,91,45,70,123,100,62,68,6,non-legendary
Pancham,fighting,0.6,8,220,70,67,82,62,43,6,non-legendary
Pangoro,fighting,2.1,136,65,70,95,124,78,58,6,non-legendary
Furfrou,normal,1.2,28,160,70,75,80,60,102,6,non-legendary
Espurr,psychic,0.3,3.5,190,70,62,48,54,68,6,non-legendary
Meowstic,psychic,0.6,8.5,75,70,74,48,76,104,6,non-legendary
Honedge,steel,0.8,2,180,70,45,80,100,28,6,non-legendary
Doublade,steel,0.8,4.5,90,70,59,110,150,35,6,non-legendary
Aegislash,steel,1.7,53,45,70,60,150,50,60,6,non-legendary
Spritzee,fairy,0.2,0.5,200,70,78,52,60,23,6,non-legendary
Aromatisse,fairy,0.8,15.5,140,70,101,72,72,29,6,non-legendary
Swirlix,fairy,0.4,3.5,200,70,62,48,66,49,6,non-legendary
Slurpuff,fairy,0.8,5,140,70,82,80,86,72,6,non-legendary
Inkay,dark,0.4,3.5,190,70,53,54,53,45,6,non-legendary
Malamar,dark,1.5,47,80,70,86,92,88,73,6,non-legendary
Binacle,rock,0.5,31,120,70,42,52,67,50,6,non-legendary
Barbaracle,rock,1.3,96,45,70,72,105,115,68,6,non-legendary
Skrelp,poison,0.5,7.3,225,70,50,60,60,30,6,non-legendary
Dragalge,poison,1.8,81.5,55,70,65,75,90,44,6,non-legendary
Clauncher,water,0.5,8.3,225,70,50,53,62,44,6,non-legendary
Clawitzer,water,1.3,35.3,55,70,71,73,88,59,6,non-legendary
Helioptile,electric,0.5,6,190,70,44,38,33,70,6,non-legendary
Heliolisk,electric,1,21,75,70,62,55,52,109,6,non-legendary
Tyrunt,rock,0.8,26,45,70,58,89,77,48,6,non-legendary
Tyrantrum,rock,2.5,270,45,70,82,121,119,71,6,non-legendary
Amaura,rock,1.3,25.2,45,70,77,59,50,46,6,non-legendary
Aurorus,rock,2.7,225,45,70,123,77,72,58,6,non-legendary
Sylveon,fairy,1,23.5,45,70,95,65,65,60,6,non-legendary
Hawlucha,fighting,0.8,21.5,100,70,78,92,75,118,6,non-legendary
Dedenne,electric,0.2,2.2,180,70,67,58,57,101,6,non-legendary
Carbink,rock,0.3,5.7,60,70,50,50,150,50,6,non-legendary
Goomy,dragon,0.3,2.8,45,35,45,50,35,40,6,non-legendary
Sliggoo,dragon,0.8,17.5,45,35,68,75,53,60,6,non-legendary
Goodra,dragon,2,150.5,45,35,90,100,70,80,6,non-legendary
Klefki,steel,0.2,3,75,70,57,80,91,75,6,non-legendary
Phantump,ghost,0.4,7,120,70,43,70,48,38,6,non-legendary
Trevenant,ghost,1.5,71,60,70,85,110,76,56,6,non-legendary
Pumpkaboo,ghost,0.8,15,120,70,59,66,70,41,6,non-legendary
Gourgeist,ghost,1.7,39,60,70,85,100,122,54,6,non-legendary
Bergmite,ice,1,99.5,190,70,55,69,85,28,6,non-legendary
Avalugg,ice,2,505,55,70,95,117,184,28,6,non-legendary
Noibat,flying,0.5,8,190,70,40,30,35,55,6,non-legendary
Noivern,flying,1.5,85,45,70,85,70,80,123,6,non-legendary
Xerneas,fairy,3,215,45,0,126,131,95,99,6,legendary
Yveltal,dark,5.8,203,45,0,126,131,95,99,6,legendary
Zygarde,dragon,5,284.6,3,0,216,100,121,85,6,legendary
Diancie,rock,0.7,8.8,3,70,50,160,110,110,6,legendary
Hoopa,psychic,NA,NA,3,100,80,160,60,80,6,legendary
Volcanion,fire,1.7,195,3,100,80,110,120,70,6,legendary
Rowlet,grass,0.3,1.5,45,70,68,55,55,42,7,non-legendary
Dartrix,grass,0.7,16,45,70,78,75,75,52,7,non-legendary
Decidueye,grass,1.6,36.6,45,70,78,107,75,70,7,non-legendary
Litten,fire,0.4,4.3,45,70,45,65,40,70,7,non-legendary
Torracat,fire,0.7,25,45,70,65,85,50,90,7,non-legendary
Incineroar,fire,1.8,83,45,70,95,115,90,60,7,non-legendary
Popplio,water,0.4,7.5,45,70,50,54,54,40,7,non-legendary
Brionne,water,0.6,17.5,45,70,60,69,69,50,7,non-legendary
Primarina,water,1.8,44,45,70,80,74,74,60,7,non-legendary
Pikipek,normal,0.3,1.2,255,70,35,75,30,65,7,non-legendary
Trumbeak,normal,0.6,14.8,120,70,55,85,50,75,7,non-legendary
Toucannon,normal,1.1,26,45,70,80,120,75,60,7,non-legendary
Yungoos,normal,0.4,6,255,70,48,70,30,45,7,non-legendary
Gumshoos,normal,0.7,14.2,127,70,88,110,60,45,7,non-legendary
Grubbin,bug,0.4,4.4,255,70,47,62,45,46,7,non-legendary
Charjabug,bug,0.5,10.5,120,70,57,82,95,36,7,non-legendary
Vikavolt,bug,1.5,45,45,70,77,70,90,43,7,non-legendary
Crabrawler,fighting,0.6,7,225,70,47,82,57,63,7,non-legendary
Crabominable,fighting,1.7,180,60,70,97,132,77,43,7,non-legendary
Oricorio,fire,0.6,3.4,45,70,75,70,70,93,7,non-legendary
Cutiefly,bug,0.1,0.2,190,70,40,45,40,84,7,non-legendary
Ribombee,bug,0.2,0.5,75,70,60,55,60,124,7,non-legendary
Rockruff,rock,0.5,9.2,190,70,45,65,40,60,7,non-legendary
Lycanroc,rock,NA,NA,90,70,85,115,75,82,7,non-legendary
Wishiwashi,water,0.2,0.3,60,70,45,140,130,30,7,non-legendary
Mareanie,poison,0.4,8,190,70,50,53,62,45,7,non-legendary
Toxapex,poison,0.7,14.5,75,70,50,63,152,35,7,non-legendary
Mudbray,ground,1,110,190,70,70,100,70,45,7,non-legendary
Mudsdale,ground,2.5,920,60,70,100,125,100,35,7,non-legendary
Dewpider,water,0.3,4,200,70,38,40,52,27,7,non-legendary
Araquanid,water,1.8,82,100,70,68,70,92,42,7,non-legendary
Fomantis,grass,0.3,1.5,190,70,40,55,35,35,7,non-legendary
Lurantis,grass,0.9,18.5,75,70,70,105,90,45,7,non-legendary
Morelull,grass,0.2,1.5,190,70,40,35,55,15,7,non-legendary
Shiinotic,grass,1,11.5,75,70,60,45,80,30,7,non-legendary
Salandit,poison,0.6,4.8,120,70,48,44,40,77,7,non-legendary
Salazzle,poison,1.2,22.2,45,70,68,64,60,117,7,non-legendary
Stufful,normal,0.5,6.8,140,70,70,75,50,50,7,non-legendary
Bewear,normal,2.1,135,70,70,120,125,80,60,7,non-legendary
Bounsweet,grass,0.3,3.2,235,70,42,30,38,32,7,non-legendary
Steenee,grass,0.7,8.2,120,70,52,40,48,62,7,non-legendary
Tsareena,grass,1.2,21.4,45,70,72,120,98,72,7,non-legendary
Comfey,fairy,0.1,0.3,60,70,51,52,90,100,7,non-legendary
Oranguru,normal,1.5,76,45,70,90,60,80,60,7,non-legendary
Passimian,fighting,2,82.8,45,70,100,120,90,80,7,non-legendary
Wimpod,bug,0.5,12,90,70,25,35,40,80,7,non-legendary
Golisopod,bug,2,108,45,70,75,125,140,40,7,non-legendary
Sandygast,ghost,0.5,70,140,70,55,55,80,15,7,non-legendary
Palossand,ghost,1.3,250,60,70,85,75,110,35,7,non-legendary
Pyukumuku,water,0.3,1.2,60,70,55,60,130,5,7,non-legendary
Type: Null,normal,1.9,120.5,3,0,95,95,95,59,7,non-legendary
Silvally,normal,2.3,100.5,3,0,95,95,95,95,7,non-legendary
Minior,rock,0.3,40,30 (Meteorite)255 (Core),70,60,100,60,120,7,non-legendary
Komala,normal,0.4,19.9,45,70,65,115,65,65,7,non-legendary
Turtonator,fire,2,212,70,70,60,78,135,36,7,non-legendary
Togedemaru,electric,0.3,3.3,180,70,65,98,63,96,7,non-legendary
Mimikyu,ghost,0.2,0.7,45,70,55,90,80,96,7,non-legendary
Bruxish,water,0.9,19,80,70,68,105,70,92,7,non-legendary
Drampa,normal,3,185,70,70,78,60,85,36,7,non-legendary
Dhelmise,ghost,3.9,210,25,70,70,131,100,40,7,non-legendary
Jangmo-o,dragon,0.6,29.7,45,70,45,55,65,45,7,non-legendary
Hakamo-o,dragon,1.2,47,45,70,55,75,90,65,7,non-legendary
Kommo-o,dragon,1.6,78.2,45,70,75,110,125,85,7,non-legendary
Tapu Koko,electric,1.8,20.5,3,70,70,115,85,130,7,legendary
Tapu Lele,psychic,1.2,18.6,3,70,70,85,75,95,7,legendary
Tapu Bulu,grass,1.9,45.5,3,70,70,130,115,75,7,legendary
Tapu Fini,water,1.3,21.2,3,70,70,75,115,85,7,legendary
Cosmog,psychic,0.2,0.1,45,0,43,29,31,37,7,legendary
Cosmoem,psychic,0.1,999.9,45,0,43,29,131,37,7,legendary
Solgaleo,psychic,3.4,230,45,0,137,137,107,97,7,legendary
Lunala,psychic,4,120,45,0,137,113,89,97,7,legendary
Nihilego,rock,1.2,55.5,45,0,109,53,47,103,7,legendary
Buzzwole,bug,2.4,333.6,25,0,107,139,139,79,7,legendary
Pheromosa,bug,1.8,25,255,0,71,137,37,151,7,legendary
Xurkitree,electric,3.8,100,30,0,83,89,71,83,7,legendary
Celesteela,steel,9.2,999.9,25,0,97,101,103,61,7,legendary
Kartana,grass,0.3,0.1,255,0,59,181,131,109,7,legendary
Guzzlord,dark,5.5,888,15,0,223,101,53,43,7,legendary
Necrozma,psychic,2.4,230,3,0,97,107,101,79,7,legendary
Magearna,steel,1,80.5,3,0,80,95,115,65,7,legendary
